{
  "config": {
    "model": "llama-7B-128K",
    "prefill_length": 2048,
    "gen_length": 256,
    "temperature": 0.6,
    "top_p": 0.9,
    "on_chip_layers": 16,
    "gamma": 8,
    "world_size": 1,
    "dataset": "demo",
    "resident_layers_sweep": [
      0,
      8
    ],
    "num_samples": 1,
    "timestamp": "2025-12-15T03:26:48.072820"
  },
  "methods": {
    "triforce_kv_quant": {
      "name": "TriForce baseline vs TriForce with KV Cache Quantization",
      "retrieval_budget": 1024,
      "kv_cache_quant_bits": 8,
      "kv_fp16_tail": 0,
      "kv_resident_gpu": true,
      "sweep": {
        "0": {
          "resident_layers": 0,
          "baseline": {
            "mean_latency_s": 14.47608232498169,
            "std_latency_s": 0.0,
            "mean_throughput_tok_per_s": 17.684342645538514,
            "mean_accepted_tokens": 6.656716417910448,
            "mean_latency_s_per_token": 0.056547196581959724
          },
          "quant": {
            "mean_latency_s": 15.500466108322144,
            "std_latency_s": 0.0,
            "mean_throughput_tok_per_s": 16.51563238234201,
            "mean_accepted_tokens": 5.7631578947368425,
            "mean_latency_s_per_token": 0.06054869573563337
          },
          "speedup_vs_triforce_baseline": 0.9339127109996733
        },
        "8": {
          "resident_layers": 8,
          "baseline": {
            "mean_latency_s": 14.74540312651994,
            "std_latency_s": 0.0,
            "mean_throughput_tok_per_s": 17.361342908257164,
            "mean_accepted_tokens": 5.952861952861953,
            "mean_latency_s_per_token": 0.05759923096296852
          },
          "quant": {
            "mean_latency_s": 13.516879059547602,
            "std_latency_s": 0.0,
            "mean_throughput_tok_per_s": 18.939283163828804,
            "mean_accepted_tokens": 5.9397993311036785,
            "mean_latency_s_per_token": 0.05280030882635782
          },
          "speedup_vs_triforce_baseline": 1.0908881452264365
        }
      }
    }
  }
}