{
  "config": {
    "model": "llama-7B-128K",
    "prefill_length": 16384,
    "gen_length": 256,
    "temperature": 0.6,
    "top_p": 0.9,
    "on_chip_layers": 16,
    "gamma": 8,
    "world_size": 1,
    "dataset": "demo",
    "resident_layers_sweep": [
      0,
      8,
      16
    ],
    "num_samples": 1,
    "timestamp": "2025-12-15T03:32:51.832774"
  },
  "methods": {
    "triforce_kv_quant": {
      "name": "TriForce baseline vs TriForce with KV Cache Quantization",
      "retrieval_budget": 4096,
      "kv_cache_quant_bits": 8,
      "kv_fp16_tail": 0,
      "kv_resident_gpu": true,
      "sweep": {
        "0": {
          "resident_layers": 0,
          "baseline": {
            "mean_latency_s": 29.01192056356262,
            "std_latency_s": 0.0,
            "mean_throughput_tok_per_s": 8.823959083960887,
            "mean_accepted_tokens": 5.37386018237082,
            "mean_latency_s_per_token": 0.11332781470141648
          },
          "quant": {
            "mean_latency_s": 26.434180444525193,
            "std_latency_s": 0.0,
            "mean_throughput_tok_per_s": 9.68443113026492,
            "mean_accepted_tokens": 5.659163987138264,
            "mean_latency_s_per_token": 0.10325851736142654
          },
          "speedup_vs_triforce_baseline": 1.0975154166192922
        },
        "8": {
          "resident_layers": 8,
          "baseline": {
            "mean_latency_s": 28.689575664813702,
            "std_latency_s": 0.0,
            "mean_throughput_tok_per_s": 8.923101651655688,
            "mean_accepted_tokens": 5.620253164556962,
            "mean_latency_s_per_token": 0.11206865494067852
          },
          "quant": {
            "mean_latency_s": 24.222550029902497,
            "std_latency_s": 0.0,
            "mean_throughput_tok_per_s": 10.568664310073487,
            "mean_accepted_tokens": 4.79108635097493,
            "mean_latency_s_per_token": 0.09461933605430663
          },
          "speedup_vs_triforce_baseline": 1.1844159937494898
        },
        "16": {
          "resident_layers": 16,
          "baseline": {
            "mean_latency_s": 27.363530769201986,
            "std_latency_s": 0.0,
            "mean_throughput_tok_per_s": 9.355517829889532,
            "mean_accepted_tokens": 5.960264900662252,
            "mean_latency_s_per_token": 0.10688879206719526
          },
          "quant": {
            "mean_latency_s": 11.595137958378755,
            "std_latency_s": 0.0,
            "mean_throughput_tok_per_s": 22.078219415665686,
            "mean_accepted_tokens": 5.587301587301587,
            "mean_latency_s_per_token": 0.04529350764991701
          },
          "speedup_vs_triforce_baseline": 2.3599142043350025
        }
      }
    }
  }
}