{
  "config": {
    "model": "llama-7B-128K",
    "prefill_length": 2048,
    "gen_length": 256,
    "temperature": 0.6,
    "top_p": 0.9,
    "on_chip_layers": 16,
    "gamma": 8,
    "world_size": 1,
    "dataset": "demo",
    "resident_layers_sweep": [
      0,
      8
    ],
    "num_samples": 1,
    "timestamp": "2025-12-15T03:29:15.329666"
  },
  "methods": {
    "triforce_kv_quant": {
      "name": "TriForce baseline vs TriForce with KV Cache Quantization",
      "retrieval_budget": 1024,
      "kv_cache_quant_bits": 8,
      "kv_fp16_tail": 0,
      "kv_resident_gpu": true,
      "sweep": {
        "0": {
          "resident_layers": 0,
          "baseline": {
            "mean_latency_s": 15.269269772540735,
            "std_latency_s": 0.0,
            "mean_throughput_tok_per_s": 16.765700247196747,
            "mean_accepted_tokens": 6.103092783505154,
            "mean_latency_s_per_token": 0.059645585048987246
          },
          "quant": {
            "mean_latency_s": 14.557328849003232,
            "std_latency_s": 0.0,
            "mean_throughput_tok_per_s": 17.5856438124999,
            "mean_accepted_tokens": 6.508960573476703,
            "mean_latency_s_per_token": 0.056864565816418876
          },
          "speedup_vs_triforce_baseline": 1.048906013659659
        },
        "8": {
          "resident_layers": 8,
          "baseline": {
            "mean_latency_s": 15.006970354618916,
            "std_latency_s": 0.0,
            "mean_throughput_tok_per_s": 17.058739635692497,
            "mean_accepted_tokens": 6.2620689655172415,
            "mean_latency_s_per_token": 0.05862097794773014
          },
          "quant": {
            "mean_latency_s": 12.752434858417146,
            "std_latency_s": 0.0,
            "mean_throughput_tok_per_s": 20.07459774091919,
            "mean_accepted_tokens": 6.99236641221374,
            "mean_latency_s_per_token": 0.04981419866569198
          },
          "speedup_vs_triforce_baseline": 1.1767925514799773
        }
      }
    }
  }
}