{
  "config": {
    "model": "llama-7B-128K",
    "prefill_length": 16384,
    "gen_length": 256,
    "temperature": 0.6,
    "top_p": 0.9,
    "on_chip_layers": 16,
    "gamma": 8,
    "world_size": 1,
    "dataset": "demo",
    "resident_layers_sweep": [
      0,
      8,
      16
    ],
    "num_samples": 1,
    "timestamp": "2025-12-15T03:47:06.510867"
  },
  "methods": {
    "triforce_kv_quant": {
      "name": "TriForce baseline vs TriForce with KV Cache Quantization",
      "retrieval_budget": 4096,
      "kv_cache_quant_bits": 8,
      "kv_fp16_tail": 0,
      "kv_resident_gpu": true,
      "sweep": {
        "0": {
          "resident_layers": 0,
          "baseline": {
            "mean_latency_s": 27.54895256101623,
            "std_latency_s": 0.0,
            "mean_throughput_tok_per_s": 9.292549305931095,
            "mean_accepted_tokens": 6.0,
            "mean_latency_s_per_token": 0.10761309594146964
          },
          "quant": {
            "mean_latency_s": 23.163275405707047,
            "std_latency_s": 0.0,
            "mean_throughput_tok_per_s": 11.051977560001115,
            "mean_accepted_tokens": 6.068027210884353,
            "mean_latency_s_per_token": 0.09048154455354315
          },
          "speedup_vs_triforce_baseline": 1.1893375215073694
        },
        "8": {
          "resident_layers": 8,
          "baseline": {
            "mean_latency_s": 30.14339793812145,
            "std_latency_s": 0.0,
            "mean_throughput_tok_per_s": 8.492738626399,
            "mean_accepted_tokens": 5.262536873156342,
            "mean_latency_s_per_token": 0.11774764819578691
          },
          "quant": {
            "mean_latency_s": 19.79837445372366,
            "std_latency_s": 0.0,
            "mean_throughput_tok_per_s": 12.93035448937333,
            "mean_accepted_tokens": 5.357575757575757,
            "mean_latency_s_per_token": 0.07733740020985805
          },
          "speedup_vs_triforce_baseline": 1.522518831461545
        },
        "16": {
          "resident_layers": 16,
          "baseline": {
            "mean_latency_s": 36.60709611759629,
            "std_latency_s": 0.0,
            "mean_throughput_tok_per_s": 6.993179660512486,
            "mean_accepted_tokens": 4.019323671497585,
            "mean_latency_s_per_token": 0.14299646920936052
          },
          "quant": {
            "mean_latency_s": 10.510555505752563,
            "std_latency_s": 0.0,
            "mean_throughput_tok_per_s": 24.356467159122833,
            "mean_accepted_tokens": 6.225352112676056,
            "mean_latency_s_per_token": 0.04105685744434595
          },
          "speedup_vs_triforce_baseline": 3.482888806168309
        }
      }
    }
  }
}